"famille","mots_cles","","","0",""
"ménage","mots_cles","","","0",""
"couple","mots_cles","","","0",""
"naissance","mots_cles","","","0",""
"FEMME","mots_cles","","line_breaks_to_br","0",""
"croissance","mots_cles","","","0",""
"projection","mots_cles","","","0",""
"socio-professionnel","mots_cles","","","0",""
"senior","mots_cles","","","0",""
"jeunesse","mots_cles","","","0",""
"accroissement","mots_cles","","","0",""
"naturel","mots_cles","","","0",""
"migratoire","mots_cles","","","0",""
"solde","mots_cles","","","0",""
"relief","mots_cles","","","0",""
"variation","mots_cles","","","0",""
"résident","mots_cles","","","0",""
"urbain","mots_cles","","","0",""
"circulation","mots_cles","","","0",""
"indice","mots_cles","","","0",""
"humain","mots_cles","","","0",""
"potentiel financier","mots_cles","","","0",""
"qualité de vie","mots_cles","","","0",""
"temps","mots_cles","","","0",""
"pelouse","mots_cles","","","0",""
"arbre","mots_cles","","","0",""
"MOS","mots_cles","","","0",""
"INSEE","mots_cles","","","0",""
"aire urbaine","mots_cles","","","0",""
"pôle","mots_cles","","","0",""
"Evolution démographique","mots_cles","","","0",""
"solde migratoire","mots_cles","","","0",""
"population","mots_cles","","","0",""
"démographie","mots_cles","","","0",""
"densité de population","mots_cles","","","0",""
"économie","mots_cles","","","0",""
"travail","mots_cles","","","0",""
"temps partiel","mots_cles","","filtered_html","0",""
"revenu","mots_cles","","","0",""
"fiscal","mots_cles","","","0",""
"chômage","mots_cles","","","0",""
"emploi","mots_cles","","","0",""
"pauvreté","mots_cles","","","0",""
"précarité","mots_cles","","","0",""
"accident","mots_cles","","","0",""
"décès","mots_cles","","","0",""
"mortalité","mots_cles","","","0",""
"médecin","mots_cles","","","0",""
"maison","mots_cles","","","0",""
"suroccupation","mots_cles","","","0",""
"résidence","mots_cles","","","0",""
"propriétaire","mots_cles","","","0",""
"établissement","mots_cles","","","0",""
"secteur d'activité","mots_cles","","","0",""
"production agricole","mots_cles","","","0",""
"culture","mots_cles","","","0",""
"élevage","mots_cles","","","0",""
"SCOT","mots_cles","","","0",""
"aménagement du territoire","mots_cles","","","0",""
"planification","mots_cles","","","0",""
"PNR","mots_cles","","","0",""
"pays","mots_cles","","","0",""
"voynet","mots_cles","","","0",""
"densité","mots_cles","","","0",""
"flux","mots_cles","","","0",""
"résidentiel","mots_cles","","filtered_html","0",""
"voyageur","mots_cles","","","0",""
"vélo","mots_cles","","filtered_html","0",""
"domicile","mots_cles","","","0",""
"mobilité","mots_cles","","","0",""
"étude","mots_cles","","","0",""
"plate-forme","mots_cles","","","0",""
"marchandise","mots_cles","","","0",""
"service","mots_cles","","","0",""
"parcours","mots_cles","","","0",""
"lycée","mots_cles","","","0",""
"vie","mots_cles","","","0",""
"artificialisation","mots_cles","","","0",""
"Natura 2000","mots_cles","","","0",""
"biotope","mots_cles","","","0",""
"APPB","mots_cles","","","0",""
"ZNIEFF","mots_cles","","","0",""
"réserve","mots_cles","","","0",""
"RNR","mots_cles","","","0",""
"ENS","mots_cles","","","0",""
"espace naturel sensible","mots_cles","","","0",""
"évolution","mots_cles","","","0",""
"éolien","mots_cles","","","0",""
"éolienne","mots_cles","","","0",""
"FTTH","mots_cles","","","0",""
"très haut débit","mots_cles","","","0",""
"haut débit","mots_cles","","","0",""
"fréquentation","mots_cles","","","0",""
"loisirs","mots_cles","","","0",""
"parc","mots_cles","","","0",""
"visite","mots_cles","","","0",""
"patrimoine","mots_cles","","","0",""
"nature","mots_cles","","","0",""
"ingénierie","mots_cles","","","0",""
"EPF","mots_cles","","","0",""
"SEM","mots_cles","","","0",""
"GECT","mots_cles","","","0",""
"urbanisme","mots_cles","","","0",""
"pôle métropolitain","mots_cles","","filtered_html","0",""
"aire métropolitaine","mots_cles","","","0",""
"ENRX","mots_cles","","","0",""
"ADT","mots_cles","","","0",""
"EPCI","mots_cles","","","0",""
"intercommunalité","mots_cles","","","0",""
"PLUI","mots_cles","","","0",""
"PLU","mots_cles","","","0",""
"carte communale","mots_cles","","","0",""
"PCET","mots_cles","","","0",""
"inondation","mots_cles","","","0",""
"PPRi","mots_cles","","","0",""
"risque","mots_cles","","","0",""
"eau","mots_cles","","","0",""
"réseau hydrographique","mots_cles","","","0",""
"argile","mots_cles","","","0",""
"mouvement de terrain","mots_cles","","","0",""
"PPRT","mots_cles","","","0",""
"Seveso","mots_cles","","","0",""
"compétitivité","mots_cles","","","0",""
"logistique","mots_cles","","","0",""
"présentiel","mots_cles","","","0",""
"infrastructure","mots_cles","","","0",""
"gare","mots_cles","","","0",""
"aéroport","mots_cles","","","0",""
"route","mots_cles","","","0",""
"ferroviaire","mots_cles","","","0",""
"voie navigable","mots_cles","","","0",""
"canal","mots_cles","","","0",""
"fret","mots_cles","","","0",""
"indicateur","mots_cles","","","0",""
"trafic","mots_cles","","","0",""
"port","mots_cles","","","0",""
"coopération","mots_cles","","","0",""
"INTERREG","mots_cles","","","0",""
"Europe","mots_cles","","","0",""
"bassin de vie","mots_cles","","","0",""
"stratigraphie","mots_cles","","","0",""
"géodiversité","mots_cles","","","0",""
"actif","mots_cles","","","0",""
"paysage","mots_cles","","","0",""
"érosion","mots_cles","","","0",""
"surface","mots_cles","","","0",""
"masse","mots_cles","","","0",""
"rural","mots_cles","","","0",""
"périurbain","mots_cles","","","0",""
"qualité","mots_cles","","","0",""
"espèce","mots_cles","","","0",""
"gestion","mots_cles","","","0",""
"plante","mots_cles","","","0",""
"exotique","mots_cles","","","0",""
"chouette","mots_cles","","","0",""
"papillon","mots_cles","","","0",""
"inventaire","mots_cles","","","0",""
"zone","mots_cles","","","0",""
"biologique","mots_cles","","","0",""
"création","mots_cles","","","0",""
"entreprise","mots_cles","","","0",""
"protection","mots_cles","","","0",""
"foncier","mots_cles","","","0",""
"artisanat","mots_cles","","","0",""
"forêt","mots_cles","","","0",""
"industrie","mots_cles","","","0",""
"technologie","mots_cles","","","0",""
"électricité","mots_cles","","","0",""
"consommation","mots_cles","","","0",""
"renouvelable","mots_cles","","","0",""
"recherche","mots_cles","","","0",""
"développement","mots_cles","","","0",""
"gaz","mots_cles","","","0",""
"tertiaire","mots_cles","","","0",""
"services","mots_cles","","","0",""
"air","mots_cles","","","0",""
"conception","mots_cles","","","0",""
"exposition","mots_cles","","","0",""
"danger","mots_cles","","","0",""
"déchet","mots_cles","","","0",""
"pib","mots_cles","","","0",""
"prix","mots_cles","","","0",""
"taux","mots_cles","","","0",""
"niveau","mots_cles","","","0",""
"agriculture","mots_cles","","","0",""
"fabrication","mots_cles","","","0",""
"ESS","mots_cles","","","0",""
"social","mots_cles","","","0",""
"solidaire","mots_cles","","","0",""
"cadre","mots_cles","","","0",""
"fonction","mots_cles","","","0",""
"métropolitaine","mots_cles","","","0",""
"tourisme","mots_cles","","","0",""
"zone touristique","mots_cles","","","0",""
"SAU","mots_cles","","","0",""
"surface agricole utile","mots_cles","","","0",""
"déplacement","mots_cles","","","0",""
"façade","mots_cles","","","0",""
"diversité","mots_cles","","","0",""
"littoral","mots_cles","","","0",""
"température","mots_cles","","","0",""
"précipitation","mots_cles","","","0",""
"santé","mots_cles","","","0",""
"éducation","mots_cles","","","0",""
"échange","mots_cles","","","0",""
"import","mots_cles","","","0",""
"export","mots_cles","","","0",""
"fôret","mots_cles","","","0",""
"migration","mots_cles","","","0",""
"bocage","mots_cles","","","0",""
"enseignement supérieur","mots_cles","","","0",""
"école","mots_cles","","","0",""
"université","mots_cles","","","0",""
"CHU","mots_cles","","","0",""
"activité","mots_cles","","","0",""
"textile","mots_cles","","","0",""
"métallurgie","mots_cles","","","0",""
"pharmaceutique","mots_cles","","","0",""
"agro-alimentaire","mots_cles","","","0",""
"construction","mots_cles","","","0",""
"catégorie sociale","mots_cles","","","0",""
"agricole","mots_cles","","","0",""
"métropolitain","mots_cles","","","0",""
"migration pendulaire","mots_cles","","","0",""
"homme","mots_cles","","","0",""
"actifs","mots_cles","","","0",""
"CDI","mots_cles","","","0",""
"CDD","mots_cles","","","0",""
"interim","mots_cles","","","0",""
"contrat aidé","mots_cles","","","0",""
"actif occupé","mots_cles","","","0",""
"demandeur d'emploi","mots_cles","","","0",""
"formation","mots_cles","","","0",""
"diplôme","mots_cles","","","0",""
"diplômé","mots_cles","","","0",""
"BEP","mots_cles","","","0",""
"CAP","mots_cles","","","0",""
"BAC","mots_cles","","","0",""
"BEPC","mots_cles","","","0",""
"scolarisation","mots_cles","","","0",""
"jeune","mots_cles","","","0",""
"15-24 ans","mots_cles","","","0",""
"non-diplômé","mots_cles","","","0",""
"lecture","mots_cles","","","0",""
"effectif","mots_cles","","","0",""
"générale","mots_cles","","","0",""
"technologique","mots_cles","","","0",""
"professionnelle","mots_cles","","","0",""
"enseignement secondaire","mots_cles","","","0",""
"apprentissage","mots_cles","","","0",""
"CFA","mots_cles","","","0",""
"bachelier","mots_cles","","","0",""
"études supérieures","mots_cles","","","0",""
"étudiant","mots_cles","","","0",""
"IUT","mots_cles","","","0",""
"BTS","mots_cles","","","0",""
"commerce","mots_cles","","","0",""
"ingénieurs","mots_cles","","","0",""
"collectif","mots_cles","","","0",""
"individuel","mots_cles","","","0",""
"régional","mots_cles","","","0",""
"POS","mots_cles","","","0",""
"spécificités économiques","mots_cles","","","0",""
"environnement","mots_cles","","","0",""
"durable","mots_cles","","","0",""
"CTAP","mots_cles","","","0",""
"Action publique","mots_cles","","","0",""
"Conférence territoriale","mots_cles","","","0",""
"paramédical","mots_cles","","","0",""
"zone blanche","mots_cles","","","0",""
"couverture","mots_cles","","","0",""
"Pôle d'équilibre territorial et rural","mots_cles","","","0",""
"PETR","mots_cles","","","0",""
"rénovation","mots_cles","","","0",""
"contrat","mots_cles","","","0",""
"musée","mots_cles","","","0",""
"label","mots_cles","","","0",""
"vacant","mots_cles","","","0",""
"logements","mots_cles","","","0",""
"logement","mots_cles","","","0",""
"conseil","mots_cles","","","0",""
"revitalisation","mots_cles","","","0",""
"métropole","mots_cles","","","0",""
"communauté","mots_cles","","","0",""
"lycéen","mots_cles","","","0",""
"dimanche","mots_cles","","","0",""
"gratuit","mots_cles","","","0",""
"arrondissement","mots_cles","","","0",""
"chefs-lieux","mots_cles","","","0",""
"borne","mots_cles","","","0",""
"recharge","mots_cles","","","0",""
"électrique","mots_cles","","","0",""
"schémas","mots_cles","","","0",""
"plan","mots_cles","","","0",""
"territorial","mots_cles","","","0",""
"conseillers","mots_cles","","","0",""
"élus","mots_cles","","","0",""
"cantons","mots_cles","","","0",""
"circonscriptions","mots_cles","","","0",""
"secteur artistique","mots_cles","","","0",""
"TIC","mots_cles","","","0",""
"mediation","mots_cles","","","0",""
"numerique","mots_cles","","","0",""
"conseillers régionaux","mots_cles","","","0",""
"marais","mots_cles","","","0",""
"estuaire","mots_cles","","","0",""
"humide","mots_cles","","","0",""
"forestière","mots_cles","","","0",""
"avifaune","mots_cles","","","0",""
"srdei","mots_cles","","","0",""
"srde2i","mots_cles","","","0",""
"mini bus","mots_cles","","","0",""
"sports","mots_cles","","","0",""
"sportit","mots_cles","","","0",""
"plans","mots_cles","","","0",""
"locaux","mots_cles","","","0",""
"Marchandises","mots_cles","","","0",""
"Réseau fluvial","mots_cles","","","0",""
"Innovation","mots_cles","","","0",""
"Lycées","mots_cles","","","0",""
"Internat","mots_cles","","","0",""
"Filière","mots_cles","","","0",""
"Robonumérique","mots_cles","","","0",""
"Effectif salarié","mots_cles","","","0",""
"Capacité d'accueil","mots_cles","","","0",""
"Elèves","mots_cles","","","0",""
"Taux de chômage","mots_cles","","","0",""
"GES","mots_cles","","","0",""
"Gaz à effet de serre","mots_cles","","","0",""
"Emission","mots_cles","","","0",""
"DELD","mots_cles","","","0",""
"Demande d'Emploi de Longue Durée","mots_cles","","","0",""
"Pel","mots_cles","","","0",""
"Picardie en Ligne","mots_cles","","","0",""
"ULIS","mots_cles","","","0",""
"Etablissement","mots_cles","","","0",""
"Chimie","mots_cles","","","0",""
"Agroindustrie","mots_cles","","","0",""
"Temps de parcours","mots_cles","","","0",""
"Train","mots_cles","","","0",""
"TGV","mots_cles","","","0",""
"Distance-temps","mots_cles","","","0",""
"Infrastructures","mots_cles","","","0",""
"Réseau","mots_cles","","","0",""
"Préfectures","mots_cles","","","0",""
"Communes","mots_cles","","","0",""
"Sous-préfecture","mots_cles","","","0",""
"Aéronautique","mots_cles","","","0",""
"Parc de loisirs","mots_cles","","","0",""
"Jardin","mots_cles","","","0",""
"visites","mots_cles","","","0",""
"Aires urbaines","mots_cles","","","0",""
"Espaces ruraux","mots_cles","","","0",""
"Lait","mots_cles","","","0",""
"Sucrier","mots_cles","","","0",""
"Glucosier","mots_cles","","","0",""
"Agroalimentaire","mots_cles","","","0",""
"Agroéquipement","mots_cles","","","0",""
"Machinisme agricole","mots_cles","","","0",""
"Biodiversité","mots_cles","","","0",""
"Aide régionale","mots_cles","","","0",""
"Médecine","mots_cles","","","0",""
"PLAI","mots_cles","","","0",""
"PLUS","mots_cles","","","0",""
"PLS","mots_cles","","","0",""
"Logement social","mots_cles","","","0",""
"Accession sociale","mots_cles","","","0",""
"VEFA","mots_cles","","","0",""
"BTP","mots_cles","","","0",""
"Pôle Emploi","mots_cles","","","0",""
"Industrie de transformation","mots_cles","","","0",""
"Mécanique","mots_cles","","","0",""
"Industrie automobile","mots_cles","","","0",""
"Transport","mots_cles","","","0",""
"Hôtellerie","mots_cles","","","0",""
"Restauration","mots_cles","","","0",""
"Sanitaire et social","mots_cles","","","0",""
"Sport","mots_cles","","","0",""
"Animation","mots_cles","","","0",""
"Numérique","mots_cles","","","0",""
"Image","mots_cles","","","0",""
"Sécurité","mots_cles","","","0",""
"Propreté","mots_cles","","","0",""
"Administration","mots_cles","","","0",""
"Finance","mots_cles","","","0",""
"Services comptables","mots_cles","","","0",""
"pôles","mots_cles","","","0",""
"territoires","mots_cles","","","0",""
"habitants","mots_cles","","","0",""
"ménages","mots_cles","","","0",""
"hommes","mots_cles","","","0",""
"salaires","mots_cles","","","0",""
"climatique","mots_cles","","","0",""
"allocataires","mots_cles","","","0",""
"projets","mots_cles","","","0",""
"territoire","mots_cles","","","0",""
"dynamique","mots_cles","","","0",""
"sraddet","mots_cles","","","0",""
"espaces","mots_cles","","","0",""
"périurbains","mots_cles","","","0",""
"RURAUX","mots_cles","","","0",""
"PERIURBAINS","mots_cles","","","0",""
"connexion","mots_cles","","","0",""
"corridors","mots_cles","","","0",""
"sradett","mots_cles","","","0",""
"espaces de dialogue","mots_cles","","","0",""
"bassin d'éducation","mots_cles","","","0",""
"adm","mots_cles","","","0",""
"Activité économique","mots_cles","","","0",""
"Autorité organisatrice de transport","mots_cles","","","0",""
"vente","mots_cles","","","0",""
"mercatique","mots_cles","","","0",""
"pêche","mots_cles","","","0",""
"aquaculture","mots_cles","","","0",""
"ALIMENTATION","mots_cles","","","0",""
"Industries production transformation","mots_cles","","","0",""
"matériaux","mots_cles","","","0",""
"bois","mots_cles","","","0",""
"papiers","mots_cles","","","0",""
"cartons","mots_cles","","","0",""
"Coiffure","mots_cles","","","0",""
"esthétique","mots_cles","","","0",""
"artisanat d'art","mots_cles","","","0",""
"montant","mots_cles","","","0",""
"pêts","mots_cles","","","0",""
"prêts","mots_cles","","","0",""
"accordés","mots_cles","","","0",""
"subventions","mots_cles","","","0",""
"capitaux","mots_cles","","","0",""
"investis","mots_cles","","","0",""
"agences","mots_cles","","","0",""
"financement","mots_cles","","","0",""
"partenaire","mots_cles","","","0",""
"Banque","mots_cles","","","0",""
"Assurance","mots_cles","","","0",""
"Transversales","mots_cles","","","0",""
"Encadrement supérieur","mots_cles","","","0",""
"production","mots_cles","","","0",""
"Transformation","mots_cles","","","0",""
"représentation artistique","mots_cles","","","0",""
"Industries","mots_cles","","","0",""
"graphiques","mots_cles","","","0",""
"créatives","mots_cles","","","0",""
"communication","mots_cles","","","0",""
"gardiennage","mots_cles","","","0",""
"Nettoyage","mots_cles","","","0",""
"dirigeantes","mots_cles","","","0",""
"droit","mots_cles","","","0",""
"juridique","mots_cles","","","0",""
"ressources humaines","mots_cles","","","0",""
"métaux","mots_cles","","","0",""
"maintenance","mots_cles","","","0",""
"Informatique","mots_cles","","","0",""
"soins","mots_cles","","","0",""
"apl","mots_cles","","","0",""
"differentiel","mots_cles","","","0",""
"ACCES","mots_cles","","line_breaks_to_br","0",""
"hôpital","mots_cles","","","0",""
"temps d'accès","mots_cles","","","0",""
"quartiers","mots_cles","","","0",""
"carte Pass Pass","mots_cles","","","0",""
"équipements sportifs","mots_cles","","","0",""
"départements limitrophes","mots_cles","","","0",""
"les zones d'emploi","mots_cles","","","0",""
"les espaces de dialogue","mots_cles","","","0",""
"bassin principal","mots_cles","","","0",""
"lycéens engagés","mots_cles","","","0",""
"antenne régionale","mots_cles","","","0",""
"médecin généraliste","mots_cles","","","0",""
"Intermodalité","mots_cles","","","0",""
"Pôle d’échanges","mots_cles","","","0",""
"Information multimodale","mots_cles","","","0",""
"Grande vitesse","mots_cles","","","0",""
"Véloroutes voies vertes","mots_cles","","","0",""
"SR3V","mots_cles","","","0",""
"Voie ferrée","mots_cles","","","0",""
"Installation terminale embranchée","mots_cles","","","0",""
"ITE","mots_cles","","","0",""
"Gabarit","mots_cles","","","0",""
"Freycinet","mots_cles","","","0",""
"Réseau routier d’intérêt régional","mots_cles","","","0",""
"RRIR","mots_cles","","","0",""
"TER","mots_cles","","","0",""
"lignes routières","mots_cles","","","0",""
"MEL","mots_cles","","","0",""
"Ile-de-France","mots_cles","","","0",""
"Décheteries","mots_cles","","","0",""
"négoces","mots_cles","","","0",""
"déchets","mots_cles","","","0",""
"prévention","mots_cles","","","0",""
"routier","mots_cles","","","0",""
"fluvial","mots_cles","","","0",""
"excellence","mots_cles","","","0",""
"PCAET","mots_cles","","","0",""
"parc innovation","mots_cles","","","0",""
"PNR Avesnois","mots_cles","","","0",""
"carte routière","mots_cles","","","0",""
"précipitations","mots_cles","","","0",""
"festivals culture","mots_cles","","","0",""
"espace resources cancers","mots_cles","","","0",""
"véhicules électriques","mots_cles","","","0",""
"troisiéme","mots_cles","","","0",""
"révolution","mots_cles","","","0",""
"industrielle","mots_cles","","","0",""
"PME industrielle","mots_cles","","","0",""
"dispositif FRATRI","mots_cles","","","0",""
"manger local","mots_cles","","","0",""
"carrières","mots_cles","","","0",""
"rénovation énergétique","mots_cles","","","0",""
"Aides FEADER","mots_cles","","","0",""
"dispositif OSIRIS","mots_cles","","","0",""
"dispositif ISIS","mots_cles","","","0",""
"PIB par habitant","mots_cles","","","0",""
"GAL","mots_cles","","","0",""
"Les grands pôles","mots_cles","","","0",""
"les transitions","mots_cles","","","0",""
"Plantons le Décor","mots_cles","","","0",""
"Centre-ville Centre Bourg","mots_cles","","","0",""
"service civique","mots_cles","","","0",""
"critères AUI","mots_cles","","","0",""
"ossature","mots_cles","","","0",""
"territoires ruraux","mots_cles","","","0",""
"pôle régional","mots_cles","","","0",""
"pôle intermédiaire","mots_cles","","","0",""
"Notre Dame de Paris","mots_cles","","","0",""
"ERBM","mots_cles","","","0",""
"tri","mots_cles","","","0",""
"Centre de Tri","mots_cles","","","0",""
"industrie du futur","mots_cles","","","0",""
"Aides au développement","mots_cles","","","0",""
"Aides aux entreprises industrielles","mots_cles","","","0",""
"jeunes","mots_cles","","","0",""
"test","mots_cles","","","0",""
"maison de santé","mots_cles","","","0",""
"traitement","mots_cles","","","0",""
"clap projets","mots_cles","","","0",""
"ISDI TONNES","mots_cles","","","0",""
"richesses","mots_cles","","","0",""
"richesse","mots_cles","","","0",""
"espace","mots_cles","","","0",""
"découpage zones de soins","mots_cles","","","0",""
"part modale","mots_cles","","","0",""
"interland","mots_cles","","","0",""
"trimodales","mots_cles","","","0",""
"localisation emploi","mots_cles","","","0",""
"résidence artistique culturel","mots_cles","","","0",""
"zones d'emploi","mots_cles","","","0",""
"eple antennes regionale","mots_cles","","","0",""
"LYCEE","mots_cles","","","0",""
"salariés","mots_cles","","","0",""
"france pays  limitrophes","mots_cles","","","0",""
"CENTRE VILLE CENTRE BOURG","mots_cles","","","0",""
"IDH","mots_cles","","","0",""
"pass emploi automobile","mots_cles","","","0",""
"interurbaine","mots_cles","","","0",""
"INTER URBAIN","mots_cles","","","0",""
"stagiaires formation","mots_cles","","","0",""
"territoires indutries","mots_cles","","","0",""
"formation canal","mots_cles","","","0",""
"pradet","mots_cles","","","0",""
"salons proch'emploi","mots_cles","","","0",""
"ERBM cités minières","mots_cles","","","0",""
"bruit","mots_cles","","","0",""
"PEPS","mots_cles","","","0",""
"indicateur potentiel fiscal","mots_cles","","","0",""
"FEADER","mots_cles","","","0",""
"REV3","mots_cles","","","0",""
"campus","mots_cles","","","0",""
"AREL énergie","mots_cles","","","0",""
"apprentis formation","mots_cles","","","0",""
"trésorerie","mots_cles","","","0",""
"bénévoles","mots_cles","","","0",""
"nett","mots_cles","","","0",""
"patrimoine formation","mots_cles","","","0",""
"fête","mots_cles","","","0",""
"SDAASP","mots_cles","","","0",""
"pôles multimodaux","mots_cles","","","0",""
"straddet","mots_cles","","","0",""
"festival jardin scène","mots_cles","","","0",""
"zones commerciales","mots_cles","","","0",""
"résience","mots_cles","","","0",""
"quartiers été","mots_cles","","","0",""
"UFA CFA","mots_cles","","","0",""
"aide-soignant","mots_cles","","","0",""
"AMBULANCIER","mots_cles","","","0",""
"auxiliaire de puériculture","mots_cles","","","0",""
"cadre de santé","mots_cles","","","0",""
"ergothérapeute","mots_cles","","","0",""
"infirmier","mots_cles","","","0",""
"infirmier anesthésiste","mots_cles","","","0",""
"infirmier bloc opératoire","mots_cles","","","0",""
"manipulateur électroradiologie","mots_cles","","","0",""
"masseur kinésithérapeute","mots_cles","","","0",""
"pédicure podologue","mots_cles","","","0",""
"préparateur en pharmacie","mots_cles","","","0",""
"psychomotricien","mots_cles","","","0",""
"puéricultrice","mots_cles","","","0",""
"sage femme","mots_cles","","","0",""
"technicien laboratoire","mots_cles","","","0",""
"GEOLOGIE","mots_cles","","","0",""
"HYDROGRAPHIE","mots_cles","","","0",""
"FECONDITE","mots_cles","","","0",""
"AIRE","mots_cles","","","0",""
"URBAINE","mots_cles","","","0",""
"POLARISATION","mots_cles","","","0",""
"ORIENTATION","mots_cles","","","0",""
"ECONOMIQUE","mots_cles","","","0",""
"evolution","mots_cles","","","0",""
"CHOMAGE","mots_cles","","","0",""
"PAUVRETE","mots_cles","","","0",""
"DIPLOME","mots_cles","","","0",""
"FINANCIER","mots_cles","","","0",""
"RESEAU","mots_cles","","","0",""
"NAVIGABLE","mots_cles","","","0",""
"ALEA","mots_cles","","","0",""
"EROSION","mots_cles","","","0",""
"SOL","mots_cles","","","0",""
"METEO","mots_cles","","","0",""
"MER","mots_cles","","","0",""
"MARITIME","mots_cles","","","0",""
"CARTE","mots_cles","","","0",""
"GENERALE","mots_cles","","","0",""
"internat taux","mots_cles","","","0",""
"challenge cube","mots_cles","","","0",""
"industrielle révolution","mots_cles","","","0",""
"POLE","mots_cles","","","0",""
"ATTRACTION","mots_cles","","","0",""
"MOBILITE","mots_cles","","","0",""
"ORGANISATION","mots_cles","","","0",""
"SANTE","mots_cles","","","0",""
"AIDE","mots_cles","","","0",""
"PARTENARIAT","mots_cles","","","0",""
"RESEAU FERROVIAIRE","mots_cles","","","0",""
"VELOROUTE","mots_cles","","","0",""
"AIRE DE COVOITURAGE","mots_cles","","","0",""
"OD","mots_cles","","","0",""
"TRACE MOBILE","mots_cles","","","0",""
"DEPLACEMENT","mots_cles","","","0",""
"MOBILITE PROFESSIONNELLE","mots_cles","","","0",""
"AOM","mots_cles","","","0",""
"COMPETENCE MOBILITE","mots_cles","","","0",""
"ZONE D’EMPLOI","mots_cles","","","0",""
"BASSIN D’EDUCATION","mots_cles","","","0",""
"MOBILITE SCOLAIRE","mots_cles","","","0",""
"POLE METROPOLITAIN","mots_cles","","","0",""
"BASSIN MINIER","mots_cles","","","0",""
"PACTE SAMBRE-AVESNOIS-THIERACHE","mots_cles","","","0",""
"PLANNING","mots_cles","","","0",""
"ASSOCIATION","mots_cles","","","0",""
"MANGER","mots_cles","","","0",""
"LOCAL","mots_cles","","","0",""
"ANTENNE","mots_cles","","","0",""
"SALAIRE","mots_cles","","","0",""
"OFFRE","mots_cles","","","0",""
"SOIN","mots_cles","","","0",""
"MORTALITE","mots_cles","","","0",""
"RESIDENCE","mots_cles","","","0",""
"DISPOSITIF","mots_cles","","","0",""
"ETP","mots_cles","","","0",""
"POLITIQUE","mots_cles","","","0",""
"VILLE","mots_cles","","","0",""
"EQUIPEMENT","mots_cles","","","0",""
"HEBERGEMENT","mots_cles","","","0",""
"METIER","mots_cles","","","0",""
"DEMANDEUR","mots_cles","","","0",""
"CENTRE-VILLE","mots_cles","","","0",""
"CENTRE-BOURG","mots_cles","","","0",""
"PIVA","mots_cles","","","0",""
"PROJET","mots_cles","","","0",""
"CLAP","mots_cles","","","0",""
"MENAGE","mots_cles","","","0",""
"DECES","mots_cles","","","0",""
"PERSONNE","mots_cles","","","0",""
"AGE","mots_cles","","","0",""
"AREL","mots_cles","","","0",""
"CVAE","mots_cles","","","0",""
"FISCALITE","mots_cles","","","0",""
"INVESTISSEMENT","mots_cles","","","0",""
"CFE","mots_cles","","","0",""
"FPIC","mots_cles","","","0",""
"CAPITALISATION","mots_cles","","","0",""
"BUD","mots_cles","","","0",""
"BASSIN","mots_cles","","","0",""
"MINIER","mots_cles","","","0",""
"DEFENSE","mots_cles","","","0",""
"ZFU","mots_cles","","","0",""
"AFR","mots_cles","","","0",""
"ZRR","mots_cles","","","0",""
"CENTRE","mots_cles","","","0",""
"SOLIDARITE","mots_cles","","","0",""
"RURALITE","mots_cles","","","0",""
"EDUCATION","mots_cles","","","0",""
"ENSEIGNEMENT","mots_cles","","","0",""
"LIBERTE","mots_cles","","","0",""
"CHATEAU","mots_cles","","","0",""
"ALD","mots_cles","","","0",""
"CMU","mots_cles","","","0",""
"ACCESSIBILITE","mots_cles","","","0",""
"MEDECIN","mots_cles","","","0",""
