"ADMINISTRATION","thematique_hdf","","plain_text","0",""
"AMENAGEMENT","thematique_hdf","","plain_text","0",""
"DEMOGRAPHIE","thematique_hdf","","plain_text","0",""
"ECONOMIE","thematique_hdf","","plain_text","0",""
"EMPLOI","thematique_hdf","","plain_text","0",""
"FORMATION","thematique_hdf","","plain_text","0",""
"ENVIRONNEMENT","thematique_hdf","","plain_text","0",""
"REFERENTIEL","thematique_hdf","","plain_text","0",""
"RISQUES","thematique_hdf","","plain_text","0",""
"SOCIETE","thematique_hdf","","plain_text","0",""
"TRANSPORT","thematique_hdf","","plain_text","0",""
