"Installations agricoles et aquacoles","thematique_gemet","","filtered_html","0",""
"Régions biogéographiques","thematique_gemet","","filtered_html","0",""
"Habitats et biotopes","thematique_gemet","","filtered_html","0",""
"Répartition des espèces","thematique_gemet","","filtered_html","0",""
"Unités administratives","thematique_gemet","","filtered_html","0",""
"Unités statistiques","thematique_gemet","","filtered_html","0",""
"Conditions atmosphériques","thematique_gemet","","filtered_html","0",""
"Caractéristiques géographiques météorologiques","thematique_gemet","","filtered_html","0",""
"Sources d'énergie","thematique_gemet","","filtered_html","0",""
"Ressources minérales","thematique_gemet","","filtered_html","0",""
"Altitude","thematique_gemet","","filtered_html","0",""
"Sites protégés","thematique_gemet","","filtered_html","0",""
"Sols","thematique_gemet","","filtered_html","0",""
"Géologie","thematique_gemet","","filtered_html","0",""
"Zones à risque naturel","thematique_gemet","","filtered_html","0",""
"Santé et sécurité des personnes","thematique_gemet","","filtered_html","0",""
"Ortho-imagerie","thematique_gemet","","filtered_html","0",""
"Occupation des terres","thematique_gemet","","filtered_html","0",""
"Hydrographie","thematique_gemet","","filtered_html","0",""
"Dénominations géographiques","thematique_gemet","","filtered_html","0",""
"Adresses","thematique_gemet","","filtered_html","0",""
"Régions maritimes","thematique_gemet","","filtered_html","0",""
"Caractéristiques géographiques océanographiques","thematique_gemet","","filtered_html","0",""
"Parcelles cadastrales","thematique_gemet","","filtered_html","0",""
"Usage des sols","thematique_gemet","","filtered_html","0",""
"Zones de gestion, de restriction ou de réglementation et unités de déclaration","thematique_gemet","","filtered_html","0",""
"Répartition de la population - Démographie","thematique_gemet","","filtered_html","0",""
"Bâtiments","thematique_gemet","","filtered_html","0",""
"Lieux de production et sites industriels","thematique_gemet","","filtered_html","0",""
"Installations de suivi environnemental","thematique_gemet","","filtered_html","0",""
"Réseaux de transport","thematique_gemet","","filtered_html","0",""
"Services d'utilité publique et services publics","thematique_gemet","","filtered_html","0",""
"Hors Inspire","thematique_gemet","","filtered_html","0",""
